{
  "accounts": [
    {
      "Account ID": "4563",
      "Account name": "Revathi",
      "Region": "Germany",
      "Sales Representative":"Samuel",
      "email": "fsff@meltwater.com",
      "id": 3
    },
    {
      "Account ID": "1",
      "Account name": "Aleena",
      "Region": "Ireland",
      "Sales Representative": "Joe",
      "email": "saod@meltwater.com",
      "id": 4
    }
  ],
  "subscriptions": [
    {
      "Status": "Deactivated",
      "id": 2
    },
    {
      "Status": "Deactivated",
      "id": 3,
      "Order ID": "53725",
      "Account ID": "3",
      "Account name": "Cameryn",
      "Start Date": "2023-03-30",
      "End Date": "2023-03-24",
      "Subscription Type": "normal"
    },
    {
      "Status": "Deactivated",
      "id": 4
    },
    {
      "Status": "Deactivated",
      "id": 5
    },
    {
      "Status": "Deactivated",
      "id": 6
    },
    {
      "Status": "Deactivated",
      "id": 7
    }
  ]
}